Year,Month,Anomaly,Unc,Temps
1849,1,-0.54,2.838,7.93
1849,2,-1.13,2.062,9.59
1849,3,-0.28,1.871,11.59
1849,4,0.08,2.697,16.08
1849,5,-1.71,1.877,11.72
1849,6,-0.84,2.005,17.57
1849,7,1.1,3.225,20.89
1849,8,0.69,2.803,20.44
1849,9,-1.35,1.405,18.14
1849,10,-1.18,1.285,15.5
1849,11,-1.63,2.043,10.71
1849,12,-2.3,1.996,6.48
1850,1,-1.54,3.173,6.93
1850,2,-1.71,2.666,9.01
1850,3,-2.03,1.529,9.84
1850,4,0.07,2.454,16.07
1850,5,-0.37,1.552,13.06
1850,6,-0.69,1.31,17.72
1850,7,-0.85,1.75,18.94
1850,8,0.38,1.214,20.13
1850,9,-0.69,1.191,18.8
1850,10,-0.55,1.611,16.13
1850,11,-1.91,2.441,10.43
1850,12,-1.99,2.76,6.79
1851,1,-0.49,2.988,7.98
1851,2,-1.23,1.138,9.49
1851,3,-0.09,2.218,11.78
1851,4,1.29,2.825,17.29
1851,5,-0.22,1.612,13.21
1851,6,0.39,1.619,18.8
1851,7,-0.83,2.366,18.96
1851,8,0.4,1.569,20.15
1851,9,-0.96,1.685,18.53
1851,10,0.2,1.791,16.88
1851,11,-0.29,1.773,12.05
1851,12,-0.52,2.618,8.26
1852,1,-0.23,2.686,8.24
1852,2,-0.64,1.969,10.08
1852,3,-1.81,1.385,10.06
1852,4,-1.49,1.724,14.51
1852,5,-0.06,2.099,13.37
1852,6,0.71,2.311,19.12
1852,7,0.07,1.806,19.86
1852,8,-1.48,2.322,18.27
1852,9,-1.66,4.193,17.83
1852,10,-2.4,2.152,14.28
1852,11,-0.81,2.047,11.53
1852,12,-0.74,2.346,8.04
1853,1,-0.97,2.916,7.5
1853,2,-1.14,2.524,9.58
1853,3,1.33,2.801,13.2
1853,4,1.08,1.621,17.08
1853,5,1.23,2.374,14.66
1853,6,1.67,3.828,20.08
1853,7,-0.26,2.37,19.53
1853,8,-1.86,1.295,17.89
1853,9,0.18,5.719,19.67
1853,10,-0.52,1.382,16.16
1853,11,-0.2,0.865,12.14
1853,12,0.18,1.651,8.96
1854,1,-1.87,2.136,6.6
1854,2,-0.76,1.46,9.96
1854,3,-0.38,0.908,11.49
1854,4,1.55,1.321,17.55
1854,5,-0.75,1.184,12.68
1854,6,-1.21,1.625,17.2
1854,7,1.83,2.345,21.62
1854,8,-1.78,2.079,17.97
1854,9,-2.75,0.685,16.74
1854,10,-1.34,1.488,15.34
1854,11,0.4,1.745,12.74
1854,12,0.25,2.616,9.03
1855,1,-1.42,1.728,7.05
1855,2,0.62,2.53,11.34
1855,3,1.38,1.089,13.25
1855,4,0.46,1.305,16.46
1855,5,-1.22,1.483,12.21
1855,6,0.54,0.804,18.95
1855,7,-0.95,1.085,18.84
1855,8,-0.52,1.142,19.23
1855,9,-1.59,1.172,17.9
1855,10,-0.19,1.653,16.49
1855,11,-1.79,1.081,10.55
1855,12,-1.16,2.857,7.62
1856,1,0.41,1.023,8.88
1856,2,0.11,1.01,10.83
1856,3,1.69,1.205,13.56
1856,4,0.82,0.902,16.82
1856,5,0.13,0.742,13.56
1856,6,0.66,1.925,19.07
1856,7,-0.86,3.061,18.93
1856,8,-1.68,1.739,18.07
1856,9,-1.18,1.879,18.31
1856,10,-2.46,1.685,14.22
1856,11,-0.78,1.302,11.56
1856,12,-1.44,2.88,7.34
1857,1,0.59,1.484,9.06
1857,2,-0.42,1.876,10.3
1857,3,1.37,0.817,13.24
1857,4,2.52,0.8,18.52
1857,5,0.76,1.078,14.19
1857,6,0.66,2.258,19.07
1857,7,-1.56,2.617,18.23
1857,8,-0.94,1.39,18.81
1857,9,-1.23,1.513,18.26
1857,10,-0.43,1.15,16.25
1857,11,0.11,1.367,12.45
1857,12,0.68,2.232,9.46
1858,1,-0.7,3.098,7.77
1858,2,0.76,1.739,11.48
1858,3,-0.02,0.605,11.85
1858,4,0.82,1.459,16.82
1858,5,0.97,0.992,14.4
1858,6,0.23,1.029,18.64
1858,7,-1.69,2.285,18.1
1858,8,-1.67,2.249,18.08
1858,9,-1.05,1.788,18.44
1858,10,-1.48,1.141,15.2
1858,11,0.37,1.658,12.71
1858,12,-1.7,2.546,7.08
1859,1,-0.7,1.862,7.77
1859,2,-0.7,1.536,10.02
1859,3,-1.37,1.147,10.5
1859,4,-0.69,0.743,15.31
1859,5,-0.05,1.146,13.38
1859,6,1.21,1.994,19.62
1859,7,-1.97,2.089,17.82
1859,8,-2.61,2.595,17.14
1859,9,-2.31,1.703,17.18
1859,10,-0.27,0.881,16.41
1859,11,-0.1,2.247,12.24
1859,12,-1.02,2.645,7.76
1860,1,-0.49,1.514,7.98
1860,2,-0.47,1.99,10.25
1860,3,-0.43,1.574,11.44
1860,4,0.17,0.992,16.17
1860,5,-1.88,1.228,11.55
1860,6,-2.07,1.138,16.34
1860,7,-0.69,1.33,19.1
1860,8,-1.26,3.974,18.49
1860,9,-1.53,1.98,17.96
1860,10,-1.58,1.563,15.1
1860,11,-0.04,1.613,12.3
1860,12,0.98,2.142,9.76
1861,1,0.72,3.344,9.19
1861,2,1.11,2.39,11.83
1861,3,1.02,2.171,12.89
1861,4,1.74,1.919,17.74
1861,5,0.02,1.719,13.45
1861,6,-1.17,1.146,17.24
1861,7,-1.2,2.249,18.59
1861,8,-2.46,2.321,17.29
1861,9,-1.83,1.662,17.66
1861,10,-0.94,1.878,15.74
1861,11,0.11,1.586,12.45
1861,12,2.18,1.725,10.96
1862,1,0.04,2.628,8.51
1862,2,-1.52,2.44,9.2
1862,3,0.16,1.745,12.03
1862,4,-0.45,2.112,15.55
1862,5,-0.81,1.921,12.62
1862,6,0.11,1.689,18.52
1862,7,-0.34,1.143,19.45
1862,8,-0.29,1.202,19.46
1862,9,-0.69,1.052,18.8
1862,10,1.14,0.936,17.82
1862,11,-0.07,1.684,12.27
1862,12,0.08,1.722,8.86
1863,1,0.26,1.548,8.73
1863,2,-1.59,2.603,9.13
1863,3,1.04,0.942,12.91
1863,4,0.77,1.054,16.77
1863,5,0.93,1.446,14.36
1863,6,-1.04,1.527,17.37
1863,7,-0.88,1.141,18.91
1863,8,-1.68,1.187,18.07
1863,9,-1,1.071,18.49
1863,10,-0.36,0.977,16.32
1863,11,-0.75,0.868,11.59
1863,12,0.34,3.547,9.12
1864,1,1.93,1.356,10.4
1864,2,1.3,2.488,12.02
1864,3,0.84,1.26,12.71
1864,4,1.4,1.737,17.4
1864,5,1.29,1.206,14.72
1864,6,-0.23,1.244,18.18
1864,7,-1.51,1.574,18.28
1864,8,-0.86,1.181,18.89
1864,9,-1.45,1.309,18.04
1864,10,-0.5,1.203,16.18
1864,11,-0.18,1.341,12.16
1864,12,1.24,1.794,10.02
1865,1,0.48,1.572,8.95
1865,2,-1.44,0.975,9.28
1865,3,-0.78,1.185,11.09
1865,4,-0.42,1.466,15.58
1865,5,1.72,1.814,15.15
1865,6,-0.03,1.775,18.38
1865,7,-1.37,1.811,18.42
1865,8,-1.76,1.486,17.99
1865,9,-0.96,1.004,18.53
1865,10,-1.37,1.168,15.31
1865,11,0.99,1.335,13.33
1865,12,-2.07,2.238,6.71
1866,1,-0.03,2.11,8.44
1866,2,0.3,2.718,11.02
1866,3,0.12,2.045,11.99
1866,4,1.02,1.505,17.02
1866,5,-1.02,1.145,12.41
1866,6,-0.56,1.487,17.85
1866,7,-1.78,2.916,18.01
1866,8,-1.87,3.824,17.88
1866,9,-1.75,1.754,17.74
1866,10,-0.58,0.568,16.1
1866,11,0.21,0.851,12.55
1866,12,2.71,1.539,11.49
1867,1,0.85,1.525,9.32
1867,2,-1.88,1.785,8.84
1867,3,-2.33,1.113,9.54
1867,4,0.36,0.749,16.36
1867,5,0.05,1.023,13.48
1867,6,-0.65,1.985,17.76
1867,7,-0.89,1.874,18.9
1867,8,-0.58,1.437,19.17
1867,9,-1.44,0.976,18.05
1867,10,-1.13,0.809,15.55
1867,11,0.99,1.64,13.33
1867,12,2.14,2.38,10.92
1868,1,-1.19,1.665,7.28
1868,2,-0.43,1.337,10.29
1868,3,0.34,1.364,12.21
1868,4,0.25,1.113,16.25
1868,5,-0.37,1.145,13.06
1868,6,-1.68,1.46,16.73
1868,7,-1.87,2.046,17.92
1868,8,-2.05,1.929,17.7
1868,9,-2.68,1.436,16.81
1868,10,-0.62,1.403,16.06
1868,11,0.38,0.872,12.72
1868,12,0.98,2.386,9.76
1869,1,0.32,1.727,8.79
1869,2,-0.5,2.317,10.22
1869,3,0.16,2.135,12.03
1869,4,0.67,1.471,16.67
1869,5,-0.05,1.116,13.38
1869,6,0.62,1.755,19.03
1869,7,-0.04,1.017,19.75
1869,8,-1.22,1.063,18.53
1869,9,-0.89,0.872,18.6
1869,10,-0.76,0.771,15.92
1869,11,0.76,1.754,13.1
1869,12,-1.01,1.757,7.77
1870,1,1.28,2.314,9.75
1870,2,0.08,1.905,10.8
1870,3,-1.02,1.308,10.85
1870,4,-0.56,0.862,15.44
1870,5,-0.92,1.182,12.51
1870,6,-1.34,1.501,17.07
1870,7,-0.53,1.546,19.26
1870,8,-0.5,0.948,19.25
1870,9,-2.11,0.633,17.38
1870,10,-0.69,1.005,15.99
1870,11,-0.13,1.945,12.21
1870,12,-0.62,1.047,8.16
1871,1,0.42,1.114,8.89
1871,2,-1.34,1.245,9.38
1871,3,-0.53,1.233,11.34
1871,4,0.06,0.691,16.06
1871,5,-0.86,0.729,12.57
1871,6,0.81,2.121,19.22
1871,7,0.35,2.623,20.14
1871,8,0.88,1.893,20.63
1871,9,-0.6,0.922,18.89
1871,10,0.38,0.885,17.06
1871,11,-1.33,2.529,11.01
1871,12,0.54,1.158,9.32
1872,1,0.54,1.483,9.01
1872,2,0.45,0.936,11.17
1872,3,-0.06,1.572,11.81
1872,4,-1.17,1.607,14.83
1872,5,0.02,1.847,13.45
1872,6,-0.33,2.53,18.08
1872,7,-1.06,1.946,18.73
1872,8,0.03,1.174,19.78
1872,9,-1.03,0.901,18.46
1872,10,-1.18,1.861,15.5
1872,11,-0.69,1.153,11.65
1872,12,0.41,1.699,9.19
1873,1,1.7,1.378,10.17
1873,2,-2.12,1.504,8.6
1873,3,0.08,1.506,11.95
1873,4,-0.44,1.529,15.56
1873,5,-0.71,1.319,12.72
1873,6,-0.91,1.773,17.5
1873,7,-0.68,1.752,19.11
1873,8,-0.54,1.631,19.21
1873,9,-1.51,1.058,17.98
1873,10,-1.22,0.804,15.46
1873,11,0.42,1.322,12.76
1873,12,-1.06,1.973,7.72
1874,1,-0.95,0.847,7.52
1874,2,-1.53,1.393,9.19
1874,3,-1.6,0.924,10.27
1874,4,-0.44,1.441,15.56
1874,5,0.2,1.426,13.63
1874,6,0.2,1.219,18.61
1874,7,-0.16,1.126,19.63
1874,8,-0.34,1.11,19.41
1874,9,0.01,1.089,19.5
1874,10,-1.44,0.623,15.24
1874,11,-0.4,1.219,11.94
1874,12,-0.93,1.053,7.85
1875,1,-0.56,0.699,7.91
1875,2,-0.25,0.696,10.47
1875,3,-1.31,0.761,10.56
1875,4,1.23,1.901,17.23
1875,5,1.17,1.866,14.6
1875,6,0.02,0.714,18.43
1875,7,0.17,0.403,19.96
1875,8,0.13,0.966,19.88
1875,9,-1.03,1.416,18.46
1875,10,0.9,2.36,17.58
1875,11,0.02,1.966,12.36
1875,12,0.55,0.638,9.33
1876,1,-0.91,1.485,7.56
1876,2,-1.07,2.022,9.65
1876,3,-1.23,1.149,10.64
1876,4,-0.5,1.449,15.5
1876,5,-0.69,0.65,12.74
1876,6,1.43,0.875,19.84
1876,7,-0.87,1.176,18.92
1876,8,-1.19,1.562,18.56
1876,9,-0.81,0.496,18.68
1876,10,-0.66,0.724,16.02
1876,11,0.09,0.751,12.43
1876,12,0.42,1.148,9.2
1877,1,1.74,1.178,10.21
1877,2,1.23,1.111,11.95
1877,3,2.23,1.037,14.1
1877,4,0.2,0.931,16.2
1877,5,-0.89,0.618,12.54
1877,6,1.36,0.662,19.77
1877,7,0.57,0.574,20.36
1877,8,-0.46,0.696,19.29
1877,9,0.19,0.849,19.68
1877,10,-1.29,0.583,15.39
1877,11,0.23,1.041,12.57
1877,12,0.88,1.125,9.66
1878,1,1.5,0.892,9.97
1878,2,0.19,0.774,10.91
1878,3,1.16,0.656,13.03
1878,4,0.63,0.651,16.63
1878,5,0.08,0.689,13.51
1878,6,0.14,0.786,18.55
1878,7,-0.88,0.539,18.91
1878,8,-0.52,1.08,19.23
1878,9,-1.87,0.478,17.62
1878,10,-0.92,0.612,15.76
1878,11,0.06,0.666,12.4
1878,12,-0.5,1.091,8.28
1879,1,-1.13,1.504,7.34
1879,2,1.06,1.321,11.78
1879,3,1.83,0.719,13.7
1879,4,1.02,0.61,17.02
1879,5,-1.17,1.007,12.26
1879,6,0.56,0.741,18.97
1879,7,-0.53,0.595,19.26
1879,8,0.93,0.886,20.68
1879,9,-0.23,1.016,19.26
1879,10,-0.61,0.798,16.07
1879,11,-0.99,0.749,11.35
1879,12,-1.15,1.257,7.63
1880,1,-1.43,1.327,7.04
1880,2,-2.84,0.829,7.88
1880,3,-2.08,1.58,9.79
1880,4,-1.23,0.809,14.77
1880,5,-0.18,0.483,13.25
1880,6,-1.41,1.104,17
1880,7,-0.71,0.757,19.08
1880,8,-0.99,0.882,18.76
1880,9,-1.22,1.24,18.27
1880,10,-1.09,0.722,15.59
1880,11,-1.84,0.678,10.5
1880,12,0.83,0.804,9.61
1881,1,1.73,1.175,10.2
1881,2,1.48,0.869,12.2
1881,3,0.83,0.805,12.7
1881,4,2.3,0.92,18.3
1881,5,0.79,0.931,14.22
1881,6,-0.77,1.047,17.64
1881,7,-0.19,0.795,19.6
1881,8,-1.25,1.439,18.5
1881,9,-1.55,0.5,17.94
1881,10,-3.1,0.705,13.58
1881,11,-1.33,0.885,11.01
1881,12,-0.08,0.884,8.7
1882,1,-1.01,1.279,7.46
1882,2,-2.76,1.475,7.96
1882,3,-0.39,1.085,11.48
1882,4,-0.86,0.709,15.14
1882,5,0.01,0.518,13.44
1882,6,-0.76,0.816,17.65
1882,7,-0.09,0.911,19.7
1882,8,-0.49,0.859,19.26
1882,9,-1.55,0.785,17.94
1882,10,-1.74,0.688,14.94
1882,11,-1.65,0.718,10.69
1882,12,1.09,0.934,9.87
1883,1,-1.98,0.82,6.49
1883,2,-2.67,0.944,8.05
1883,3,1.33,0.9,13.2
1883,4,-0.77,0.331,15.23
1883,5,-0.26,0.458,13.17
1883,6,1.92,0.546,20.33
1883,7,0.12,0.916,19.91
1883,8,-0.53,0.399,19.22
1883,9,0.74,0.61,20.23
1883,10,-2.19,0.412,14.49
1883,11,-1.23,0.392,11.11
1883,12,-0.35,0.938,8.43
1884,1,-0.06,0.693,8.41
1884,2,-1.37,0.852,9.35
1884,3,0.13,0.85,12
1884,4,-0.04,0.742,15.96
1884,5,0.48,0.561,13.91
1884,6,-0.99,1.548,17.42
1884,7,-0.3,1.139,19.49
1884,8,-0.14,0.734,19.61
1884,9,-2.31,0.699,17.18
1884,10,-1.59,0.476,15.09
1884,11,0.81,0.822,13.15
1884,12,0.64,1.004,9.42
1885,1,0.81,0.755,9.28
1885,2,1.21,0.499,11.93
1885,3,2.41,0.696,14.28
1885,4,1.62,0.796,17.62
1885,5,0.76,0.875,14.19
1885,6,-1.34,1.523,17.07
1885,7,-0.13,2.039,19.66
1885,8,0.07,1.105,19.82
1885,9,-0.37,0.759,19.12
1885,10,0.14,0.783,16.82
1885,11,0.37,0.422,12.71
1885,12,1.54,0.988,10.32
1886,1,-0.09,1.363,8.38
1886,2,1.7,0.742,12.42
1886,3,-0.69,0.845,11.18
1886,4,-0.06,0.622,15.94
1886,5,0.46,0.439,13.89
1886,6,0.99,0.521,19.4
1886,7,0.32,0.787,20.11
1886,8,0.47,0.674,20.22
1886,9,-0.61,0.725,18.88
1886,10,-1.94,1.236,14.74
1886,11,-0.59,0.591,11.75
1886,12,1.99,1.219,10.77
1887,1,0.83,0.695,9.3
1887,2,-3.22,0.827,7.5
1887,3,1.67,0.805,13.54
1887,4,0.1,0.694,16.1
1887,5,0.13,0.387,13.56
1887,6,0.05,0.718,18.46
1887,7,-1.35,0.652,18.44
1887,8,-1.34,0.685,18.41
1887,9,-0.38,0.749,19.11
1887,10,1.45,0.509,18.13
1887,11,0.28,0.781,12.62
1887,12,0.52,0.538,9.3
1888,1,-1.77,0.995,6.7
1888,2,0.22,0.378,10.94
1888,3,-0.37,0.622,11.5
1888,4,1.75,0.749,17.75
1888,5,-0.39,0.426,13.04
1888,6,0.36,1.523,18.77
1888,7,0.34,1.483,20.13
1888,8,0.39,1.267,20.14
1888,9,0.58,0.969,20.07
1888,10,0.32,0.796,17
1888,11,0.15,0.885,12.49
1888,12,1.11,0.85,9.89
1889,1,-0.72,0.706,7.75
1889,2,-0.33,0.372,10.39
1889,3,1.79,0.454,13.66
1889,4,1.98,0.611,17.98
1889,5,0.81,0.993,14.24
1889,6,0.5,0.669,18.91
1889,7,-0.44,0.973,19.35
1889,8,-0.04,0.693,19.71
1889,9,0.42,0.784,19.91
1889,10,-0.64,0.392,16.04
1889,11,0.39,0.457,12.73
1889,12,0.03,0.491,8.81
1890,1,-2.53,0.911,5.94
1890,2,-2.08,0.803,8.64
1890,3,-0.1,0.324,11.77
1890,4,0.09,0.439,16.09
1890,5,0.67,0.974,14.1
1890,6,-0.99,1.143,17.42
1890,7,-0.05,1.176,19.74
1890,8,0.08,1.247,19.83
1890,9,-0.7,1.403,18.79
1890,10,0.42,0.453,17.1
1890,11,1.4,0.729,13.74
1890,12,0.23,1.592,9.01
1891,1,1.13,1.011,9.6
1891,2,-1.35,0.552,9.37
1891,3,0.76,0.641,12.63
1891,4,-0.46,0.502,15.54
1891,5,-0.75,0.907,12.68
1891,6,-0.13,1.293,18.28
1891,7,0.5,1.963,20.29
1891,8,0.95,1.673,20.7
1891,9,-0.79,1.029,18.7
1891,10,-0.67,0.457,16.01
1891,11,0.88,0.864,13.22
1891,12,-0.87,0.789,7.91
1892,1,0.82,1.197,9.29
1892,2,0.03,0.521,10.75
1892,3,0.63,1.135,12.5
1892,4,-0.85,0.586,15.15
1892,5,0.36,0.727,13.79
1892,6,-1.02,0.655,17.39
1892,7,-0.92,0.89,18.87
1892,8,-0.17,1.131,19.58
1892,9,-1.32,0.431,18.17
1892,10,-1.35,0.299,15.33
1892,11,0.12,0.71,12.46
1892,12,-0.07,0.704,8.71
1893,1,-1.79,0.578,6.68
1893,2,-1.85,0.489,8.87
1893,3,-1.25,0.453,10.62
1893,4,-1.25,0.37,14.75
1893,5,0.01,0.645,13.44
1893,6,-0.82,0.612,17.59
1893,7,-0.16,1.098,19.63
1893,8,-0.41,1.076,19.34
1893,9,-2.81,0.313,16.68
1893,10,-2.26,0.345,14.42
1893,11,-0.42,0.712,11.92
1893,12,0.73,0.93,9.51
1894,1,-1.35,0.846,7.12
1894,2,-2.46,0.868,8.26
1894,3,-1.17,0.823,10.7
1894,4,0.87,0.995,16.87
1894,5,-0.16,0.808,13.27
1894,6,-2.22,0.747,16.19
1894,7,-0.34,1.882,19.45
1894,8,0.33,1.441,20.08
1894,9,0.05,0.882,19.54
1894,10,-1.1,0.398,15.58
1894,11,1.03,0.805,13.37
1894,12,-0.38,0.82,8.4
1895,1,-0.83,0.705,7.64
1895,2,0.14,0.674,10.86
1895,3,-0.62,0.347,11.25
1895,4,0.15,0.488,16.15
1895,5,0.24,0.3,13.67
1895,6,0.98,1.223,19.39
1895,7,-0.98,1.131,18.81
1895,8,-0.74,1.028,19.01
1895,9,-2,0.237,17.49
1895,10,-0.44,0.765,16.24
1895,11,-0.76,0.829,11.58
1895,12,-1.47,0.714,7.31
1896,1,1.46,1.228,9.93
1896,2,0.66,0.817,11.38
1896,3,0.59,0.496,12.46
1896,4,-2.33,0.731,13.67
1896,5,-1.3,0.47,12.13
1896,6,0.43,1.245,18.84
1896,7,1.21,1.53,21
1896,8,-0.37,0.708,19.38
1896,9,-1.94,0.633,17.55
1896,10,-0.61,0.586,16.07
1896,11,-1.54,0.362,10.8
1896,12,1.09,0.661,9.87
1897,1,-1.25,1.365,7.22
1897,2,-1.61,0.744,9.11
1897,3,-2.76,0.636,9.11
1897,4,1.78,0.34,17.78
1897,5,1.42,0.536,14.85
1897,6,0.42,0.522,18.83
1897,7,0.45,1.933,20.24
1897,8,-0.77,1.3,18.98
1897,9,-1.02,0.528,18.47
1897,10,-1.89,0.648,14.79
1897,11,-1.72,0.781,10.62
1897,12,-0.59,1.047,8.19
1898,1,-2.19,0.92,6.28
1898,2,0.04,0.773,10.76
1898,3,-1.23,0.598,10.64
1898,4,1.43,0.915,17.43
1898,5,-1.95,0.832,11.48
1898,6,0.4,0.92,18.81
1898,7,-0.38,1.816,19.41
1898,8,-0.29,1.283,19.46
1898,9,-1.18,0.467,18.31
1898,10,-0.58,0.362,16.1
1898,11,-0.75,0.764,11.59
1898,12,-1.19,0.601,7.59
1899,1,1.56,0.25,10.03
1899,2,-0.5,0.736,10.22
1899,3,-0.63,0.54,11.24
1899,4,0.37,1.014,16.37
1899,5,-1.98,0.563,11.45
1899,6,0.57,0.732,18.98
1899,7,-0.95,1.146,18.84
1899,8,-1.65,0.761,18.1
1899,9,-0.55,1.105,18.94
1899,10,-1.87,0.25,14.81
1899,11,0.46,0.366,12.8
1899,12,-0.78,0.788,8
1900,1,0.95,0.469,9.42
1900,2,0.28,0.584,11
1900,3,1.59,0.507,13.46
1900,4,-0.64,0.35,15.36
1900,5,0.58,0.576,14.01
1900,6,0.41,0.94,18.82
1900,7,0.24,0.813,20.03
1900,8,-0.61,0.936,19.14
1900,9,-0.95,1.074,18.54
1900,10,-1.3,0.28,15.38
1900,11,0.75,0.387,13.09
1900,12,0.01,0.908,8.79
1901,1,0.01,0.761,8.48
1901,2,-0.36,0.81,10.36
1901,3,0.88,0.475,12.75
1901,4,-1,0.323,15
1901,5,-0.84,0.59,12.59
1901,6,-0.07,0.619,18.34
1901,7,-0.52,0.774,19.27
1901,8,-0.29,0.934,19.46
1901,9,-1.91,0.67,17.58
1901,10,0.96,0.68,17.64
1901,11,1.13,0.748,13.47
1901,12,0.21,0.711,8.99
1902,1,-1.74,0.533,6.73
1902,2,0.41,0.649,11.13
1902,3,-1.22,0.299,10.65
1902,4,-0.42,0.264,15.58
1902,5,-0.97,0.736,12.46
1902,6,0.42,0.538,18.83
1902,7,0.22,0.631,20.01
1902,8,-0.05,0.902,19.7
1902,9,-0.12,0.528,19.37
1902,10,-0.99,0.545,15.69
1902,11,-1.3,0.49,11.04
1902,12,-0.36,0.528,8.42
1903,1,-0.88,0.612,7.59
1903,2,-3.21,0.584,7.51
1903,3,-0.9,0.474,10.97
1903,4,-0.84,0.501,15.16
1903,5,0.05,0.397,13.48
1903,6,0.7,0.442,19.11
1903,7,-1.23,0.798,18.56
1903,8,-0.63,0.331,19.12
1903,9,-0.58,0.477,18.91
1903,10,0.58,0.503,17.26
1903,11,0.27,0.553,12.61
1903,12,0.04,0.512,8.82
1904,1,-0.61,0.42,7.86
1904,2,-1.32,0.48,9.4
1904,3,-0.64,0.568,11.23
1904,4,0.22,0.317,16.22
1904,5,1.29,0.393,14.72
1904,6,0.79,0.459,19.2
1904,7,-0.92,0.514,18.87
1904,8,-0.8,0.702,18.95
1904,9,0.56,0.254,20.05
1904,10,-0.56,0.618,16.12
1904,11,0.23,0.555,12.57
1904,12,-0.52,0.747,8.26
1905,1,0.73,0.354,9.2
1905,2,0.13,0.617,10.85
1905,3,1.56,0.442,13.43
1905,4,0.74,0.465,16.74
1905,5,-1.39,0.697,12.04
1905,6,-1.16,0.601,17.25
1905,7,0.01,0.37,19.8
1905,8,-0.49,0.628,19.26
1905,9,-0.92,0.488,18.57
1905,10,-1.08,0.38,15.6
1905,11,-0.44,0.463,11.9
1905,12,-0.98,0.384,7.8
1906,1,0.63,0.324,9.1
1906,2,1.37,0.43,12.09
1906,3,-0.2,0.526,11.67
1906,4,0.43,0.441,16.43
1906,5,-0.98,0.669,12.45
1906,6,-0.47,1.009,17.94
1906,7,1.15,0.855,20.94
1906,8,-0.16,0.574,19.59
1906,9,-0.77,0.396,18.72
1906,10,0.15,0.499,16.83
1906,11,-0.66,0.525,11.68
1906,12,-0.05,0.727,8.73
1907,1,-0.93,0.854,7.54
1907,2,1.64,0.402,12.36
1907,3,-1.33,0.535,10.54
1907,4,1.1,0.561,17.1
1907,5,-0.4,0.32,13.03
1907,6,-1.12,0.51,17.29
1907,7,-0.85,0.482,18.94
1907,8,-0.84,0.376,18.91
1907,9,-1.96,0.799,17.53
1907,10,-0.25,0.478,16.43
1907,11,0.15,0.438,12.49
1907,12,0.72,0.347,9.5
1908,1,0.6,0.466,9.07
1908,2,-1.38,0.537,9.34
1908,3,0.12,0.557,11.99
1908,4,1.27,0.352,17.27
1908,5,-1.25,0.232,12.18
1908,6,-1.44,0.537,16.97
1908,7,0.6,0.66,20.39
1908,8,-0.68,0.747,19.07
1908,9,-0.81,0.594,18.68
1908,10,-1.93,0.551,14.75
1908,11,-0.37,0.376,11.97
1908,12,-2.28,0.779,6.5
1909,1,1.46,0.942,9.93
1909,2,-1.06,0.599,9.66
1909,3,-1.48,0.381,10.39
1909,4,1.06,0.313,17.06
1909,5,-0.93,0.231,12.5
1909,6,-0.57,0.381,17.84
1909,7,-0.57,0.927,19.22
1909,8,-0.69,0.633,19.06
1909,9,-0.44,0.364,19.05
1909,10,-1.16,0.341,15.52
1909,11,-0.6,0.47,11.74
1909,12,-1.21,0.637,7.57
1910,1,-1.88,0.566,6.59
1910,2,-1.67,0.543,9.05
1910,3,1.23,0.589,13.1
1910,4,1.55,0.558,17.55
1910,5,1.52,0.375,14.95
1910,6,-1.21,0.493,17.2
1910,7,-0.38,0.617,19.41
1910,8,-1.13,0.378,18.62
1910,9,-2.33,0.31,17.16
1910,10,-0.24,0.373,16.44
1910,11,-0.55,0.327,11.79
1910,12,0.66,0.42,9.44
1911,1,0.53,0.484,9
1911,2,-2.28,0.363,8.44
1911,3,0.83,0.271,12.7
1911,4,-0.36,0.411,15.64
1911,5,-1.33,0.682,12.1
1911,6,-1.41,0.383,17
1911,7,-0.34,0.837,19.45
1911,8,-2.27,0.529,17.48
1911,9,-2.87,0.56,16.62
1911,10,-1.44,0.323,15.24
1911,11,-0.81,0.567,11.53
1911,12,-0.69,0.656,8.09
1912,1,0.79,0.632,9.26
1912,2,0.38,0.464,11.1
1912,3,-1.08,0.392,10.79
1912,4,-1.63,0.554,14.37
1912,5,-0.18,0.402,13.25
1912,6,0.2,0.504,18.61
1912,7,-1.43,0.694,18.36
1912,8,-1.28,0.644,18.47
1912,9,-1.12,0.513,18.37
1912,10,-2.35,0.492,14.33
1912,11,-1.05,0.758,11.29
1912,12,-0.93,0.757,7.85
1913,1,-1.91,0.235,6.56
1913,2,-0.87,0.375,9.85
1913,3,-0.78,0.273,11.09
1913,4,0.12,0.255,16.12
1913,5,0.07,0.69,13.5
1913,6,-0.93,0.543,17.48
1913,7,0.35,0.657,20.14
1913,8,1.22,0.556,20.97
1913,9,0.63,0.194,20.12
1913,10,0.01,0.59,16.69
1913,11,-0.45,0.636,11.89
1913,12,-0.74,0.933,8.04
1914,1,0.83,0.608,9.3
1914,2,-0.29,0.59,10.43
1914,3,2.39,0.482,14.26
1914,4,1.05,0.313,17.05
1914,5,-0.05,0.509,13.38
1914,6,-1.15,0.369,17.26
1914,7,-0.95,0.535,18.84
1914,8,-0.86,0.588,18.89
1914,9,-1.93,0.624,17.56
1914,10,-0.79,0.587,15.89
1914,11,0.37,0.706,12.71
1914,12,-1.74,0.371,7.04
1915,1,-0.3,0.256,8.17
1915,2,-0.46,0.21,10.26
1915,3,1.55,0.417,13.42
1915,4,0.64,0.436,16.64
1915,5,-1.34,0.915,12.09
1915,6,-0.2,0.312,18.21
1915,7,-0.2,0.434,19.59
1915,8,0.65,0.483,20.4
1915,9,-1.03,0.572,18.46
1915,10,-0.47,0.539,16.21
1915,11,-0.71,0.397,11.63
1915,12,0.09,0.364,8.87
1916,1,-2.09,0.778,6.38
1916,2,0.96,0.584,11.68
1916,3,0.92,0.354,12.79
1916,4,1.42,0.542,17.42
1916,5,-0.95,0.606,12.48
1916,6,-0.85,0.272,17.56
1916,7,0.3,0.44,20.09
1916,8,-0.89,0.166,18.86
1916,9,-0.95,0.346,18.54
1916,10,-3.4,0.537,13.28
1916,11,-2.19,0.617,10.15
1916,12,-2.15,0.308,6.63
1917,1,-2.55,0.629,5.92
1917,2,-1.18,0.598,9.54
1917,3,-2.13,0.326,9.74
1917,4,-0.22,0.649,15.78
1917,5,-2.08,0.214,11.35
1917,6,0.5,0.203,18.91
1917,7,1.07,0.438,20.86
1917,8,-1.17,0.415,18.58
1917,9,0.07,0.368,19.56
1917,10,0.35,0.408,17.03
1917,11,0.62,0.503,12.96
1917,12,1.62,0.683,10.4
1918,1,0.71,0.449,9.18
1918,2,-1.02,0.542,9.7
1918,3,0.09,0.512,11.96
1918,4,0.38,0.436,16.38
1918,5,-1.73,0.436,11.7
1918,6,1.62,0.853,20.03
1918,7,-0.92,0.487,18.87
1918,8,-0.06,0.415,19.69
1918,9,-1.32,0.28,18.17
1918,10,0.3,0.331,16.98
1918,11,-1.28,0.451,11.06
1918,12,-1.45,0.533,7.33
1919,1,-0.01,0.556,8.46
1919,2,-1.36,0.586,9.36
1919,3,-1.21,0.57,10.66
1919,4,0.31,0.528,16.31
1919,5,0.17,0.418,13.6
1919,6,-0.73,0.353,17.68
1919,7,-1.15,0.329,18.64
1919,8,-0.79,0.196,18.96
1919,9,-1.18,0.379,18.31
1919,10,-2.01,0.479,14.67
1919,11,-1.02,0.261,11.32
1919,12,-0.9,0.972,7.88
1920,1,0.93,0.649,9.4
1920,2,-0.65,0.491,10.07
1920,3,-1.42,0.419,10.45
1920,4,-0.68,0.558,15.32
1920,5,-0.53,0.54,12.9
1920,6,-0.01,0.616,18.4
1920,7,-1.39,0.417,18.4
1920,8,0.11,0.594,19.86
1920,9,-1.77,0.32,17.72
1920,10,-2.24,0.477,14.44
1920,11,-0.83,0.411,11.51
1920,12,-0.12,0.411,8.66
1921,1,-0.27,0.479,8.2
1921,2,-0.18,0.64,10.54
1921,3,0.55,0.455,12.42
1921,4,-0.27,0.624,15.73
1921,5,-1.92,0.626,11.51
1921,6,0.59,0.42,19
1921,7,-0.25,0.459,19.54
1921,8,-1.19,0.602,18.56
1921,9,-0.95,0.549,18.54
1921,10,-0.27,0.425,16.41
1921,11,0.47,0.347,12.81
1921,12,0.94,0.51,9.72
1922,1,-2.49,0.649,5.98
1922,2,-2.13,0.415,8.59
1922,3,-1.45,0.661,10.42
1922,4,-1.47,0.638,14.53
1922,5,0.08,0.398,13.51
1922,6,0.1,0.348,18.51
1922,7,-0.21,0.421,19.58
1922,8,-0.71,0.391,19.04
1922,9,0.85,0.552,20.34
1922,10,-1.39,0.459,15.29
1922,11,-1.89,0.547,10.45
1922,12,0.21,0.629,8.99
1923,1,-1.12,0.651,7.35
1923,2,-1.07,0.471,9.65
1923,3,1.2,0.505,13.07
1923,4,-0.31,0.297,15.69
1923,5,-0.54,0.323,12.89
1923,6,-2.58,0.487,15.83
1923,7,-0.93,0.481,18.86
1923,8,-0.33,0.526,19.42
1923,9,0.22,0.271,19.71
1923,10,-0.63,0.338,16.05
1923,11,2.06,0.518,14.4
1923,12,-0.42,0.509,8.36
1924,1,-0.32,0.496,8.15
1924,2,1.8,0.405,12.52
1924,3,-0.44,0.278,11.43
1924,4,0.9,0.356,16.9
1924,5,1.03,0.335,14.46
1924,6,-0.4,0.598,18.01
1924,7,-1.71,0.712,18.08
1924,8,-1.15,0.692,18.6
1924,9,-0.94,0.336,18.55
1924,10,-1.95,0.287,14.73
1924,11,-0.38,0.367,11.96
1924,12,-1.54,0.452,7.24
1925,1,0.63,0.533,9.1
1925,2,0.98,0.466,11.7
1925,3,0.37,0.238,12.24
1925,4,0.16,0.273,16.16
1925,5,-0.04,0.423,13.39
1925,6,0.02,0.594,18.43
1925,7,-0.18,0.701,19.61
1925,8,-1.36,0.877,18.39
1925,9,-2.33,0.597,17.16
1925,10,-1.16,0.517,15.52
1925,11,-0.43,0.525,11.91
1925,12,0.53,0.964,9.31
1926,1,-1.35,0.829,7.12
1926,2,1.07,0.454,11.79
1926,3,2.89,0.556,14.76
1926,4,2.78,0.291,18.78
1926,5,1.1,0.328,14.53
1926,6,0.55,0.658,18.96
1926,7,0.51,0.62,20.3
1926,8,-0.47,0.698,19.28
1926,9,-2.22,0.646,17.27
1926,10,0.16,0.526,16.84
1926,11,2.38,0.723,14.72
1926,12,-0.26,0.632,8.52
1927,1,0.76,0.328,9.23
1927,2,0.31,0.259,11.03
1927,3,-0.4,0.39,11.47
1927,4,-0.37,0.386,15.63
1927,5,-0.36,0.636,13.07
1927,6,-0.41,0.471,18
1927,7,-0.81,0.714,18.98
1927,8,-1.43,0.751,18.32
1927,9,-1.65,0.476,17.84
1927,10,-0.05,0.255,16.63
1927,11,0.62,0.411,12.96
1927,12,-0.22,0.617,8.56
1928,1,0.18,0.488,8.65
1928,2,0.19,0.536,10.91
1928,3,1.86,0.359,13.73
1928,4,0.37,0.249,16.37
1928,5,0.78,0.326,14.21
1928,6,0.35,0.489,18.76
1928,7,-1.06,0.782,18.73
1928,8,-1.29,0.721,18.46
1928,9,-0.93,0.517,18.56
1928,10,-1.23,0.318,15.45
1928,11,-0.5,0.603,11.84
1928,12,-1.37,0.778,7.41
1929,1,-1.87,0.683,6.6
1929,2,-1.53,0.36,9.19
1929,3,-0.19,0.37,11.68
1929,4,-1.68,0.248,14.32
1929,5,-0.34,0.245,13.09
1929,6,0.46,0.702,18.87
1929,7,-0.11,1.012,19.68
1929,8,0.1,0.812,19.85
1929,9,-1.32,0.683,18.17
1929,10,0.38,0.445,17.06
1929,11,0.56,0.722,12.9
1929,12,2.06,0.439,10.84
1930,1,-0.62,0.411,7.85
1930,2,1.44,0.521,12.16
1930,3,1.27,0.433,13.14
1930,4,1.22,0.283,17.22
1930,5,-1.6,0.26,11.83
1930,6,0.01,0.615,18.42
1930,7,-1.11,1.034,18.68
1930,8,-0.43,0.742,19.32
1930,9,-2.06,0.822,17.43
1930,10,-0.31,0.469,16.37
1930,11,0.27,0.479,12.61
1930,12,-0.48,0.77,8.3
1931,1,0.62,0.439,9.09
1931,2,1.25,0.462,11.97
1931,3,1.69,0.297,13.56
1931,4,1.79,0.265,17.79
1931,5,2.42,0.367,15.85
1931,6,0.05,0.673,18.46
1931,7,1.43,0.567,21.22
1931,8,0.19,0.481,19.94
1931,9,-1.38,0.587,18.11
1931,10,-1.31,0.499,15.37
1931,11,-1.44,0.432,10.9
1931,12,-1.1,0.39,7.68
1932,1,-1.05,0.266,7.42
1932,2,-1.64,0.162,9.08
1932,3,1.29,0.222,13.16
1932,4,-0.55,0.237,15.45
1932,5,-0.17,0.273,13.26
1932,6,-0.2,0.328,18.21
1932,7,-0.63,0.208,19.16
1932,8,-0.46,0.348,19.29
1932,9,0.26,0.352,19.75
1932,10,-0.33,0.239,16.35
1932,11,2.12,0.473,14.46
1932,12,-2.59,0.481,6.19
1933,1,-2.11,0.426,6.36
1933,2,-2.05,0.262,8.67
1933,3,0.29,0.273,12.16
1933,4,-0.17,0.168,15.83
1933,5,-2.31,0.272,11.12
1933,6,-1.49,0.367,16.92
1933,7,0.27,0.371,20.06
1933,8,-0.04,0.273,19.71
1933,9,-1.7,0.2,17.79
1933,10,1.22,0.491,17.9
1933,11,0.99,0.514,13.33
1933,12,-0.16,0.784,8.62
1934,1,0.78,0.764,9.25
1934,2,1.03,0.377,11.75
1934,3,3.52,0.343,15.39
1934,4,2.21,0.395,18.21
1934,5,1.39,0.416,14.82
1934,6,-0.28,0.324,18.13
1934,7,-0.3,0.316,19.49
1934,8,-0.05,0.255,19.7
1934,9,-0.11,0.32,19.38
1934,10,-0.31,0.351,16.37
1934,11,0.91,0.379,13.25
1934,12,0.81,0.518,9.59
1935,1,0.04,0.37,8.51
1935,2,-0.31,0.519,10.41
1935,3,-1.71,0.375,10.16
1935,4,0.61,0.498,16.61
1935,5,-0.23,0.404,13.2
1935,6,0.84,0.223,19.25
1935,7,-0.53,0.281,19.26
1935,8,-0.14,0.179,19.61
1935,9,-1.13,0.335,18.36
1935,10,-1.17,0.306,15.51
1935,11,-1.52,0.496,10.82
1935,12,0.5,0.506,9.28
1936,1,1.68,0.53,10.15
1936,2,-0.36,0.375,10.36
1936,3,1.39,0.38,13.26
1936,4,1.12,0.228,17.12
1936,5,1.54,0.278,14.97
1936,6,0.66,0.301,19.07
1936,7,0.61,0.464,20.4
1936,8,0.46,0.319,20.21
1936,9,0.5,0.392,19.99
1936,10,0.57,0.283,17.25
1936,11,0.2,0.453,12.54
1936,12,-0.52,0.467,8.26
1937,1,-3.98,0.373,4.49
1937,2,-1.78,0.262,8.94
1937,3,0.52,0.244,12.39
1937,4,-0.4,0.143,15.6
1937,5,0.39,0.273,13.82
1937,6,0.52,0.413,18.93
1937,7,0.55,0.395,20.34
1937,8,0.36,0.268,20.11
1937,9,-0.38,0.259,19.11
1937,10,0.65,0.347,17.33
1937,11,0.89,0.431,13.23
1937,12,1.29,0.551,10.07
1938,1,0.2,0.506,8.67
1938,2,-0.42,0.303,10.3
1938,3,-0.83,0.335,11.04
1938,4,-0.16,0.306,15.84
1938,5,0.17,0.165,13.6
1938,6,-0.1,0.368,18.31
1938,7,0.08,0.256,19.87
1938,8,-0.1,0.447,19.65
1938,9,-0.01,0.166,19.48
1938,10,-0.72,0.347,15.96
1938,11,-0.77,0.526,11.57
1938,12,1.13,0.627,9.91
1939,1,0.2,0.565,8.67
1939,2,-1.72,0.475,9
1939,3,-0.36,0.263,11.51
1939,4,1.66,0.346,17.66
1939,5,0.52,0.297,13.95
1939,6,0.05,0.399,18.46
1939,7,0.09,0.293,19.88
1939,8,0.06,0.141,19.81
1939,9,1.46,0.264,20.95
1939,10,0.08,0.247,16.76
1939,11,0.66,0.344,13
1939,12,1.73,0.525,10.51
1940,1,1.28,0.614,9.75
1940,2,1.03,0.399,11.75
1940,3,1.6,0.348,13.47
1940,4,1.25,0.296,17.25
1940,5,0.61,0.255,14.04
1940,6,0.71,0.29,19.12
1940,7,-0.1,0.405,19.69
1940,8,-0.17,0.32,19.58
1940,9,-0.22,0.458,19.27
1940,10,0.07,0.225,16.75
1940,11,-0.52,0.46,11.82
1940,12,2.07,0.536,10.85
1941,1,1.76,0.421,10.23
1941,2,1.01,0.282,11.73
1941,3,1.86,0.268,13.73
1941,4,-0.14,0.26,15.86
1941,5,1.16,0.316,14.59
1941,6,-0.37,0.364,18.04
1941,7,0.68,0.241,20.47
1941,8,-0.27,0.405,19.48
1941,9,-0.49,0.419,19
1941,10,-0.97,0.378,15.71
1941,11,0.79,0.597,13.13
1941,12,1.41,0.48,10.19
1942,1,0.34,0.478,8.81
1942,2,-0.66,0.35,10.06
1942,3,-0.16,0.364,11.71
1942,4,-0.47,0.271,15.53
1942,5,-1.17,0.162,12.26
1942,6,-0.33,0.387,18.08
1942,7,0.33,0.32,20.12
1942,8,-0.27,0.269,19.48
1942,9,-1.05,0.156,18.44
1942,10,0.02,0.358,16.7
1942,11,-0.25,0.357,12.09
1942,12,0.46,0.521,9.24
1943,1,0.45,0.539,8.92
1943,2,0.47,0.401,11.19
1943,3,0.89,0.246,12.76
1943,4,0.57,0.14,16.57
1943,5,1.06,0.182,14.49
1943,6,-1.38,0.319,17.03
1943,7,-0.32,0.3,19.47
1943,8,-0.57,0.339,19.18
1943,9,0.66,0.192,20.15
1943,10,-0.44,0.26,16.24
1943,11,0.86,0.512,13.2
1943,12,1.06,0.348,9.84
1944,1,0.56,0.397,9.03
1944,2,-1.14,0.446,9.58
1944,3,0.74,0.332,12.61
1944,4,-1.16,0.216,14.84
1944,5,-0.08,0.352,13.35
1944,6,-1.45,0.315,16.96
1944,7,-1.34,0.416,18.45
1944,8,-0.39,0.341,19.36
1944,9,0.27,0.412,19.76
1944,10,0.32,0.314,17
1944,11,-0.91,0.417,11.43
1944,12,0.97,0.595,9.75
1945,1,-0.53,0.63,7.94
1945,2,0.29,0.566,11.01
1945,3,-1.46,0.23,10.41
1945,4,0.88,0.178,16.88
1945,5,-1.09,0.264,12.34
1945,6,1.03,0.385,19.44
1945,7,0.46,0.691,20.25
1945,8,-0.82,0.57,18.93
1945,9,0.23,0.373,19.72
1945,10,0.27,0.31,16.95
1945,11,-0.29,0.447,12.05
1945,12,0.63,0.501,9.41
1946,1,-0.19,0.486,8.28
1946,2,-1.99,0.347,8.73
1946,3,-0.29,0.248,11.58
1946,4,0.32,0.219,16.32
1946,5,-0.6,0.192,12.83
1946,6,-0.68,0.313,17.73
1946,7,0.1,0.307,19.89
1946,8,-0.76,0.326,18.99
1946,9,-0.05,0.129,19.44
1946,10,-1.29,0.287,15.39
1946,11,-1.38,0.323,10.96
1946,12,-0.12,0.391,8.66
1947,1,-2.09,0.32,6.38
1947,2,0.2,0.296,10.92
1947,3,1.32,0.09,13.19
1947,4,2.08,0.26,18.08
1947,5,1.52,0.34,14.95
1947,6,1.1,0.26,19.51
1947,7,-0.44,0.393,19.35
1947,8,-0.18,0.423,19.57
1947,9,0.46,0.363,19.95
1947,10,-0.22,0.252,16.46
1947,11,-1.49,0.404,10.85
1947,12,-0.52,0.388,8.26
1948,1,1.39,0.373,9.86
1948,2,-1.61,0.164,9.11
1948,3,-1.43,0.165,10.44
1948,4,-1.2,0.211,14.8
1948,5,-1.31,0.181,12.12
1948,6,-0.28,0.366,18.13
1948,7,-0.47,0.353,19.32
1948,8,-0.46,0.311,19.29
1948,9,-0.91,0.242,18.58
1948,10,-0.44,0.144,16.24
1948,11,-0.44,0.46,11.9
1948,12,-2.14,0.406,6.64
1949,1,-3.85,0.484,4.62
1949,2,-2.68,0.341,8.04
1949,3,-0.17,0.252,11.7
1949,4,1.52,0.344,17.52
1949,5,0.21,0.259,13.64
1949,6,0.82,0.296,19.23
1949,7,-0.7,0.406,19.09
1949,8,-0.9,0.309,18.85
1949,9,0.17,0.271,19.66
1949,10,-1.21,0.24,15.47
1949,11,1.91,0.456,14.25
1949,12,-1.1,0.401,7.68
1950,1,-2.01,0.398,6.46
1950,2,-0.55,0.394,10.17
1950,3,-0.31,0.182,11.56
1950,4,1.36,0.441,17.36
1950,5,-0.14,0.296,13.29
1950,6,-0.87,0.255,17.54
1950,7,0.14,0.289,19.93
1950,8,0.63,0.312,20.38
1950,9,0.06,0.314,19.55
1950,10,0.23,0.179,16.91
1950,11,2.52,0.375,14.86
1950,12,2.02,0.576,10.8
1951,1,-0.06,0.309,8.41
1951,2,-0.54,0.188,10.18
1951,3,0.13,0.22,12
1951,4,-0.37,0.329,15.63
1951,5,0.5,0.254,13.93
1951,6,-0.95,0.28,17.46
1951,7,-1.04,0.481,18.75
1951,8,-0.8,0.37,18.95
1951,9,-0.55,0.399,18.94
1951,10,-0.19,0.329,16.49
1951,11,0.23,0.414,12.57
1951,12,-0.57,0.548,8.21
1952,1,-1.23,0.344,7.24
1952,2,-0.55,0.333,10.17
1952,3,-1.17,0.225,10.7
1952,4,0.67,0.201,16.67
1952,5,0.94,0.288,14.37
1952,6,-1.89,0.427,16.52
1952,7,0.34,0.298,20.13
1952,8,-0.45,0.25,19.3
1952,9,0.62,0.381,20.11
1952,10,0.2,0.563,16.88
1952,11,-1.18,0.32,11.16
1952,12,0.22,0.549,9
1953,1,2.25,0.385,10.72
1953,2,-0.04,0.38,10.68
1953,3,-0.34,0.215,11.53
1953,4,-0.45,0.224,15.55
1953,5,-1.29,0.463,12.14
1953,6,-1.09,0.317,17.32
1953,7,0.44,0.475,20.23
1953,8,-0.84,0.416,18.91
1953,9,0.65,0.259,20.14
1953,10,-0.46,0.238,16.22
1953,11,0.31,0.48,12.65
1953,12,1.14,0.395,9.92
1954,1,0.25,0.317,8.72
1954,2,-0.19,0.435,10.53
1954,3,-1.25,0.203,10.62
1954,4,1.7,0.298,17.7
1954,5,0.47,0.331,13.9
1954,6,-0.22,0.223,18.19
1954,7,0.68,0.469,20.47
1954,8,-1.6,0.55,18.15
1954,9,-0.76,0.405,18.73
1954,10,-0.47,0.247,16.21
1954,11,-0.36,0.593,11.98
1954,12,-1.12,0.52,7.66
1955,1,-1.97,0.38,6.5
1955,2,-1.4,0.28,9.32
1955,3,-0.04,0.348,11.83
1955,4,-1.92,0.254,14.08
1955,5,0.34,0.326,13.77
1955,6,-0.77,0.378,17.64
1955,7,-1.14,0.445,18.65
1955,8,-0.57,0.673,19.18
1955,9,-0.53,0.471,18.96
1955,10,-0.34,0.356,16.34
1955,11,-0.59,0.326,11.75
1955,12,1.28,0.438,10.06
1956,1,0.79,0.326,9.26
1956,2,-2.11,0.344,8.61
1956,3,-0.32,0.235,11.55
1956,4,-0.23,0.293,15.77
1956,5,0.13,0.302,13.56
1956,6,0.51,0.463,18.92
1956,7,-0.68,0.276,19.11
1956,8,-0.8,0.393,18.95
1956,9,-0.03,0.312,19.46
1956,10,-1.29,0.171,15.39
1956,11,0.36,0.33,12.7
1956,12,-0.3,0.325,8.48
1957,1,-1.49,0.328,6.98
1957,2,0.55,0.29,11.27
1957,3,0.56,0.12,12.43
1957,4,1.21,0.154,17.21
1957,5,0.01,0.345,13.44
1957,6,2.02,0.33,20.43
1957,7,0.64,0.592,20.43
1957,8,-0.36,0.387,19.39
1957,9,0.44,0.568,19.93
1957,10,-0.52,0.392,16.16
1957,11,-0.71,0.501,11.63
1957,12,-0.14,0.441,8.64
1958,1,0.46,0.423,8.93
1958,2,1.67,0.411,12.39
1958,3,-1.36,0.226,10.51
1958,4,0.69,0.289,16.69
1958,5,1.2,0.265,14.63
1958,6,0.84,0.441,19.25
1958,7,-0.11,0.475,19.68
1958,8,1.68,0.465,21.43
1958,9,1.92,0.193,21.41
1958,10,1.27,0.325,17.95
1958,11,0.76,0.298,13.1
1958,12,2.49,0.347,11.27
1959,1,1.71,0.288,10.18
1959,2,-0.61,0.25,10.11
1959,3,2.06,0.256,13.93
1959,4,2.38,0.248,18.38
1959,5,0.18,0.199,13.61
1959,6,1.21,0.196,19.62
1959,7,1.23,0.29,21.02
1959,8,0.57,0.376,20.32
1959,9,-0.28,0.207,19.21
1959,10,1.76,0.188,18.44
1959,11,0.7,0.22,13.04
1959,12,0.63,0.241,9.41
1960,1,-0.11,0.286,8.36
1960,2,-0.01,0.321,10.71
1960,3,1.24,0.267,13.11
1960,4,0.5,0.266,16.5
1960,5,-0.12,0.246,13.31
1960,6,2.08,0.302,20.49
1960,7,0.75,0.342,20.54
1960,8,-0.24,0.275,19.51
1960,9,-0.45,0.331,19.04
1960,10,-0.54,0.288,16.14
1960,11,-0.68,0.401,11.66
1960,12,-0.38,0.206,8.4
1961,1,-1.11,0.158,7.36
1961,2,0.93,0.229,11.65
1961,3,-0.18,0.146,11.69
1961,4,0.88,0.328,16.88
1961,5,-1.27,0.266,12.16
1961,6,1.72,0.4,20.13
1961,7,1.61,0.249,21.4
1961,8,0.95,0.361,20.7
1961,9,-0.18,0.217,19.31
1961,10,0.15,0.425,16.83
1961,11,-0.51,0.295,11.83
1961,12,-0.75,0.25,8.03
1962,1,-0.81,0.512,7.66
1962,2,-1.01,0.25,9.71
1962,3,-1.21,0.182,10.66
1962,4,1.67,0.376,17.67
1962,5,-0.75,0.21,12.68
1962,6,-0.03,0.395,18.38
1962,7,-0.9,0.381,18.89
1962,8,0.26,0.267,20.01
1962,9,-1.19,0.32,18.3
1962,10,-0.52,0.285,16.16
1962,11,0.99,0.251,13.33
1962,12,0.41,0.183,9.19
1963,1,-1.7,0.237,6.77
1963,2,3.07,0.194,13.79
1963,3,-0.56,0.159,11.31
1963,4,-1.68,0.342,14.32
1963,5,-0.4,0.279,13.03
1963,6,-0.55,0.358,17.86
1963,7,-0.52,0.512,19.27
1963,8,0.03,0.422,19.78
1963,9,1.1,0.39,20.59
1963,10,0.16,0.255,16.84
1963,11,-0.55,0.254,11.79
1963,12,-2.11,0.268,6.67
1964,1,-0.26,0.079,8.21
1964,2,-0.21,0.242,10.51
1964,3,-0.73,0.23,11.14
1964,4,-0.39,0.322,15.61
1964,5,-1.74,0.17,11.69
1964,6,-0.7,0.338,17.71
1964,7,-0.03,0.362,19.76
1964,8,0.31,0.312,20.06
1964,9,-0.62,0.229,18.87
1964,10,1.19,0.391,17.87
1964,11,-1.35,0.342,10.99
1964,12,1.73,0.452,10.51
1965,1,0.3,0.299,8.77
1965,2,-0.3,0.137,10.42
1965,3,0,0.211,11.87
1965,4,0.06,0.174,16.06
1965,5,-0.45,0.349,12.98
1965,6,-1.95,0.371,16.46
1965,7,-1.01,0.407,18.78
1965,8,0.68,0.219,20.43
1965,9,-1.87,0.419,17.62
1965,10,1.44,0.186,18.12
1965,11,0.79,0.467,13.13
1965,12,-2.12,0.465,6.66
1966,1,0.08,0.226,8.55
1966,2,-1.28,0.209,9.44
1966,3,0.17,0.141,12.04
1966,4,2.46,0.27,18.46
1966,5,0.21,0.385,13.64
1966,6,0.71,0.444,19.12
1966,7,-1.14,0.33,18.65
1966,8,0.47,0.466,20.22
1966,9,0.22,0.263,19.71
1966,10,0.3,0.249,16.98
1966,11,0.69,0.408,13.03
1966,12,0.29,0.406,9.07
1967,1,0.7,0.32,9.17
1967,2,-0.46,0.386,10.26
1967,3,-0.71,0.306,11.16
1967,4,-3.8,0.397,12.2
1967,5,0.09,0.339,13.52
1967,6,-1.4,0.281,17.01
1967,7,0.56,0.327,20.35
1967,8,1.02,0.523,20.77
1967,9,1.32,0.162,20.81
1967,10,1.24,0.262,17.92
1967,11,1.95,0.235,14.29
1967,12,-0.66,0.341,8.12
1968,1,-0.86,0.322,7.61
1968,2,2.01,0.251,12.73
1968,3,1.22,0.357,13.09
1968,4,0.86,0.14,16.86
1968,5,-0.59,0.277,12.84
1968,6,0.9,0.487,19.31
1968,7,0.1,0.23,19.89
1968,8,-0.04,0.479,19.71
1968,9,0.34,0.284,19.83
1968,10,-0.65,0.248,16.03
1968,11,-0.3,0.226,12.04
1968,12,-1.13,0.297,7.65
1969,1,-0.81,0.386,7.66
1969,2,-1.65,0.216,9.07
1969,3,-0.28,0.27,11.59
1969,4,-0.4,0.254,15.6
1969,5,0.75,0.264,14.18
1969,6,-0.71,0.444,17.7
1969,7,0.18,0.421,19.97
1969,8,1.18,0.406,20.93
1969,9,0.47,0.306,19.96
1969,10,-0.81,0.298,15.87
1969,11,0.57,0.183,12.91
1969,12,1.89,0.311,10.67
1970,1,2.18,0.288,10.65
1970,2,1.36,0.2,12.08
1970,3,1.36,0.285,13.23
1970,4,-1.13,0.331,14.87
1970,5,1.16,0.266,14.59
1970,6,-0.37,0.489,18.04
1970,7,0.22,0.385,20.01
1970,8,-0.79,0.291,18.96
1970,9,0.44,0.252,19.93
1970,10,-1.44,0.219,15.24
1970,11,0.93,0.225,13.27
1970,12,-0.29,0.229,8.49
1971,1,0.12,0.232,8.59
1971,2,-0.83,0.374,9.89
1971,3,-0.53,0.188,11.34
1971,4,-1.24,0.251,14.76
1971,5,-1.48,0.232,11.95
1971,6,-0.63,0.263,17.78
1971,7,-0.12,0.391,19.67
1971,8,1.02,0.192,20.77
1971,9,0.84,0.254,20.33
1971,10,-1.77,0.233,14.91
1971,11,-0.65,0.199,11.69
1971,12,-1.64,0.276,7.14
1972,1,-1.75,0.334,6.72
1972,2,0.21,0.294,10.93
1972,3,2.13,0.304,14
1972,4,0.07,0.238,16.07
1972,5,0.45,0.293,13.88
1972,6,0.06,0.227,18.47
1972,7,0.52,0.311,20.31
1972,8,0.41,0.326,20.16
1972,9,-1.1,0.246,18.39
1972,10,-0.5,0.318,16.18
1972,11,-1.25,0.256,11.09
1972,12,-2.52,0.293,6.26
1973,1,-0.24,0.245,8.23
1973,2,0.66,0.271,11.38
1973,3,-1.15,0.313,10.72
1973,4,1.16,0.281,17.16
1973,5,1.05,0.137,14.48
1973,6,1.75,0.205,20.16
1973,7,-0.2,0.267,19.59
1973,8,-1.04,0.359,18.71
1973,9,-0.67,0.293,18.82
1973,10,-0.55,0.368,16.13
1973,11,-0.5,0.308,11.84
1973,12,0.7,0.269,9.48
1974,1,0.37,0.422,8.84
1974,2,-1.11,0.397,9.61
1974,3,0.14,0.27,12.01
1974,4,-0.47,0.236,15.53
1974,5,-0.61,0.138,12.82
1974,6,0.13,0.163,18.54
1974,7,0.1,0.312,19.89
1974,8,0.06,0.263,19.81
1974,9,-0.08,0.332,19.41
1974,10,0.7,0.283,17.38
1974,11,-0.26,0.227,12.08
1974,12,-0.19,0.352,8.59
1975,1,-0.33,0.353,8.14
1975,2,-0.43,0.297,10.29
1975,3,-0.83,0.295,11.04
1975,4,-2.61,0.199,13.39
1975,5,0.57,0.288,14
1975,6,-0.73,0.318,17.68
1975,7,-0.88,0.333,18.91
1975,8,-0.44,0.394,19.31
1975,9,-0.57,0.377,18.92
1975,10,-1.41,0.185,15.27
1975,11,-1.13,0.162,11.21
1975,12,0.46,0.152,9.24
1976,1,0.54,0.226,9.01
1976,2,-0.2,0.412,10.52
1976,3,-0.64,0.159,11.23
1976,4,-1,0.233,15
1976,5,0.78,0.499,14.21
1976,6,0.88,0.497,19.29
1976,7,0.07,0.529,19.86
1976,8,-0.4,0.667,19.35
1976,9,-0.19,0.155,19.3
1976,10,0.82,0.286,17.5
1976,11,1.56,0.116,13.9
1976,12,0.26,0.191,9.04
1977,1,-0.7,0.252,7.77
1977,2,1.05,0.207,11.77
1977,3,-0.87,0.238,11
1977,4,1.28,0.552,17.28
1977,5,-2.04,0.474,11.39
1977,6,0.18,0.412,18.59
1977,7,-0.09,0.327,19.7
1977,8,0.39,0.372,20.14
1977,9,-0.78,0.323,18.71
1977,10,0.1,0.277,16.78
1977,11,0.71,0.225,13.05
1977,12,2.19,0.334,10.97
1978,1,2.47,0.282,10.94
1978,2,0.63,0.192,11.35
1978,3,2.32,0.152,14.19
1978,4,-0.44,0.267,15.56
1978,5,1.68,0.273,15.11
1978,6,-0.14,0.195,18.27
1978,7,-0.12,0.398,19.67
1978,8,0.47,0.176,20.22
1978,9,0.38,0.522,19.87
1978,10,0.92,0.239,17.6
1978,11,-1.17,0.194,11.17
1978,12,-1.93,0.242,6.85
1979,1,-0.2,0.313,8.27
1979,2,-0.86,0.224,9.86
1979,3,0.59,0.105,12.46
1979,4,0.07,0.225,16.07
1979,5,1.24,0.472,14.67
1979,6,0.46,0.493,18.87
1979,7,0.46,0.408,20.25
1979,8,-0.12,0.55,19.63
1979,9,1.87,0.264,21.36
1979,10,0.61,0.177,17.29
1979,11,-0.15,0.266,12.19
1979,12,1.23,0.21,10.01
1980,1,1.41,0.192,9.88
1980,2,1.68,0.358,12.4
1980,3,0.25,0.401,12.12
1980,4,0.48,0.482,16.48
1980,5,-1,0.268,12.43
1980,6,-1.34,0.501,17.07
1980,7,0.07,0.359,19.86
1980,8,-1.01,0.572,18.74
1980,9,-0.76,0.277,18.73
1980,10,0.6,0.21,17.28
1980,11,0.79,0.216,13.13
1980,12,0.94,0.287,9.72
1981,1,1.42,0.272,9.89
1981,2,1.16,0.233,11.88
1981,3,0.09,0.249,11.96
1981,4,1.05,0.344,17.05
1981,5,0.63,0.412,14.06
1981,6,2.89,0.543,21.3
1981,7,-0.42,0.316,19.37
1981,8,-0.16,0.325,19.59
1981,9,-0.43,0.398,19.06
1981,10,-1.48,0.201,15.2
1981,11,1.32,0.307,13.66
1981,12,1.8,0.154,10.58
1982,1,-1.56,0.193,6.91
1982,2,0.53,0.171,11.25
1982,3,-0.85,0.264,11.02
1982,4,-0.24,0.301,15.76
1982,5,0.02,0.357,13.45
1982,6,-1.86,0.27,16.55
1982,7,-1.01,0.243,18.78
1982,8,-0.3,0.169,19.45
1982,9,-0.35,0.28,19.14
1982,10,-0.14,0.283,16.54
1982,11,-1.6,0.576,10.74
1982,12,0.13,0.47,8.91
1983,1,-0.14,0.176,8.33
1983,2,0.76,0.28,11.48
1983,3,0.41,0.3,12.28
1983,4,-0.69,0.484,15.31
1983,5,0.04,0.154,13.47
1983,6,0.09,0.39,18.5
1983,7,-0.18,0.519,19.61
1983,8,0.95,0.433,20.7
1983,9,1.49,0.485,20.98
1983,10,1.16,0.453,17.84
1983,11,-0.22,0.344,12.12
1983,12,1.58,0.485,10.36
1984,1,0.76,0.456,9.23
1984,2,-0.38,0.348,10.34
1984,3,1.88,0.256,13.75
1984,4,-0.22,0.365,15.78
1984,5,1.76,0.482,15.19
1984,6,-0.3,0.488,18.11
1984,7,1.33,0.281,21.12
1984,8,0.51,0.277,20.26
1984,9,2.45,0.28,21.94
1984,10,-1.22,0.208,15.46
1984,11,-0.92,0.41,11.42
1984,12,-0.94,0.256,7.84
1985,1,-1.33,0.355,7.14
1985,2,0.28,0.269,11
1985,3,-1.29,0.092,10.58
1985,4,1.97,0.287,17.97
1985,5,-0.41,0.244,13.02
1985,6,1.68,0.389,20.09
1985,7,0.9,0.267,20.69
1985,8,-0.46,0.467,19.29
1985,9,-1.38,0.282,18.11
1985,10,-0.63,0.352,16.05
1985,11,-1.84,0.25,10.5
1985,12,-1.29,0.288,7.49
1986,1,2.58,0.335,11.05
1986,2,1.82,0.169,12.54
1986,3,2.38,0.232,14.25
1986,4,0.65,0.181,16.65
1986,5,0.32,0.276,13.75
1986,6,0.38,0.466,18.79
1986,7,-0.39,0.467,19.4
1986,8,-0.48,0.285,19.27
1986,9,-2.25,0.279,17.24
1986,10,0.13,0.281,16.81
1986,11,1.21,0.397,13.55
1986,12,-0.1,0.197,8.68
1987,1,-0.27,0.162,8.2
1987,2,0.46,0.196,11.18
1987,3,0.48,0.192,12.35
1987,4,2.49,0.219,18.49
1987,5,1.76,0.278,15.19
1987,6,0.16,0.168,18.57
1987,7,-1.26,0.386,18.53
1987,8,-0.03,0.244,19.72
1987,9,-0.24,0.386,19.25
1987,10,1.39,0.257,18.07
1987,11,0.27,0.365,12.61
1987,12,0,0.472,8.78
1988,1,0.61,0.225,9.08
1988,2,1.45,0.295,12.17
1988,3,2.06,0.299,13.93
1988,4,1.32,0.293,17.32
1988,5,0.05,0.284,13.48
1988,6,0.19,0.379,18.6
1988,7,1.51,0.424,21.3
1988,8,0.29,0.341,20.04
1988,9,-0.54,0.35,18.95
1988,10,0.14,0.36,16.82
1988,11,0.19,0.323,12.53
1988,12,0.16,0.274,8.94
1989,1,-0.67,0.318,7.8
1989,2,-2.27,0.224,8.45
1989,3,0.71,0.434,12.58
1989,4,2.48,0.57,18.48
1989,5,0.31,0.312,13.74
1989,6,0.23,0.407,18.64
1989,7,0.07,0.401,19.86
1989,8,-0.29,0.393,19.46
1989,9,-1.2,0.316,18.29
1989,10,-0.27,0.28,16.41
1989,11,0.68,0.226,13.02
1989,12,-0.32,0.421,8.46
1990,1,0.5,0.272,8.97
1990,2,-1.79,0.293,8.93
1990,3,0.48,0.214,12.35
1990,4,2.23,0.286,18.23
1990,5,0.25,0.331,13.68
1990,6,0.49,0.278,18.9
1990,7,0.72,0.295,20.51
1990,8,1,0.349,20.75
1990,9,0.75,0.208,20.24
1990,10,1.15,0.471,17.83
1990,11,0.07,0.492,12.41
1990,12,-2.44,0.401,6.34
1991,1,0.44,0.385,8.91
1991,2,1.82,0.4,12.54
1991,3,-1.5,0.324,10.37
1991,4,-0.27,0.321,15.73
1991,5,-1.3,0.322,12.13
1991,6,-1.49,0.232,16.92
1991,7,-0.02,0.376,19.77
1991,8,-0.45,0.489,19.3
1991,9,0.36,0.568,19.85
1991,10,1.7,0.535,18.38
1991,11,1,0.159,13.34
1991,12,0.02,0.263,8.8
1992,1,-0.84,0.336,7.63
1992,2,1.75,0.283,12.47
1992,3,1.66,0.3,13.53
1992,4,2.68,0.293,18.68
1992,5,2.66,0.259,16.09
1992,6,0.21,0.393,18.62
1992,7,0.68,0.345,20.47
1992,8,0.98,0.383,20.73
1992,9,0.47,0.268,19.96
1992,10,1.72,0.23,18.4
1992,11,0.79,0.466,13.13
1992,12,-0.68,0.458,8.1
1993,1,-0.39,0.326,8.08
1993,2,-0.56,0.258,10.16
1993,3,2.03,0.157,13.9
1993,4,0.75,0.194,16.75
1993,5,0.89,0.455,14.32
1993,6,1.56,0.309,19.97
1993,7,0.18,0.473,19.97
1993,8,1.07,0.586,20.82
1993,9,-0.12,0.423,19.37
1993,10,0.86,0.212,17.54
1993,11,-0.09,0.454,12.25
1993,12,-0.53,0.493,8.25
1994,1,0.84,0.484,9.31
1994,2,-1.2,0.359,9.52
1994,3,1.62,0.28,13.49
1994,4,0.76,0.251,16.76
1994,5,-0.25,0.204,13.18
1994,6,0.15,0.319,18.56
1994,7,-0.87,0.384,18.92
1994,8,0.55,0.435,20.3
1994,9,-0.03,0.319,19.46
1994,10,-0.31,0.287,16.37
1994,11,-3.07,0.388,9.27
1994,12,-1.45,0.381,7.33
1995,1,1.96,0.292,10.43
1995,2,1.23,0.287,11.95
1995,3,0.12,0.327,11.99
1995,4,0.1,0.205,16.1
1995,5,-0.94,0.175,12.49
1995,6,-0.47,0.313,17.94
1995,7,0.98,0.478,20.77
1995,8,1.05,0.372,20.8
1995,9,0.25,0.285,19.74
1995,10,1.16,0.247,17.84
1995,11,2.46,0.416,14.8
1995,12,2.07,0.387,10.85
1996,1,1.3,0.255,9.77
1996,2,1.33,0.24,12.05
1996,3,1.53,0.066,13.4
1996,4,1.92,0.299,17.92
1996,5,1.15,0.328,14.58
1996,6,0.82,0.491,19.23
1996,7,1.78,0.719,21.57
1996,8,1.33,0.657,21.08
1996,9,-0.57,0.364,18.92
1996,10,-0.19,0.227,16.49
1996,11,0.52,0.351,12.86
1996,12,1.94,0.424,10.72
1997,1,0.86,0.352,9.33
1997,2,0.82,0.242,11.54
1997,3,2.19,0.368,14.06
1997,4,1.75,0.285,17.75
1997,5,3.47,0.542,16.9
1997,6,0.66,0.364,19.07
1997,7,0.65,0.551,20.44
1997,8,0.88,0.595,20.63
1997,9,1.84,0.411,21.33
1997,10,-0.01,0.255,16.67
1997,11,1.22,0.46,13.56
1997,12,0.11,0.408,8.89
1998,1,1.55,0.27,10.02
1998,2,-0.6,0.208,10.12
1998,3,0.71,0.203,12.58
1998,4,-0.21,0.315,15.79
1998,5,-2.19,0.685,11.24
1998,6,-1.21,0.455,17.2
1998,7,0.45,0.216,20.24
1998,8,1.87,0.487,21.62
1998,9,0.44,0.164,19.93
1998,10,-0.8,0.306,15.88
1998,11,-0.46,0.311,11.88
1998,12,-1.17,0.281,7.61
1999,1,0.34,0.425,8.81
1999,2,-1.05,0.166,9.67
1999,3,-1.44,0.223,10.43
1999,4,-0.16,0.2,15.84
1999,5,-1.19,0.275,12.24
1999,6,-0.41,0.296,18
1999,7,-0.69,0.433,19.1
1999,8,-0.06,0.455,19.69
1999,9,0.51,0.28,20
1999,10,1.57,0.368,18.25
1999,11,1.15,0.358,13.49
1999,12,1.18,0.458,9.96
2000,1,1.75,0.446,10.22
2000,2,0.55,0.31,11.27
2000,3,0.86,0.207,12.73
2000,4,1.64,0.238,17.64
2000,5,1.22,0.206,14.65
2000,6,1.47,0.305,19.88
2000,7,-0.91,0.305,18.88
2000,8,0.54,0.286,20.29
2000,9,0.68,0.303,20.17
2000,10,-0.91,0.211,15.77
2000,11,-1.96,0.358,10.38
2000,12,1.18,0.371,9.96
2001,1,0.05,0.211,8.52
2001,2,-0.9,0.213,9.82
2001,3,1.96,0.206,13.83
2001,4,-1.05,0.114,14.95
2001,5,4.13,0.545,17.56
2001,6,2.04,0.274,20.45
2001,7,-0.08,0.372,19.71
2001,8,0.42,0.343,20.17
2001,9,-0.37,0.326,19.12
2001,10,1.21,0.26,17.89
2001,11,1.02,0.257,13.36
2001,12,0.57,0.445,9.35
2002,1,-0.27,0.106,8.2
2002,2,0.66,0.247,11.38
2002,3,-0.04,0.177,11.83
2002,4,0.47,0.152,16.47
2002,5,-0.05,0.187,13.38
2002,6,0.63,0.166,19.04
2002,7,0.75,0.216,20.54
2002,8,0.37,0.303,20.12
2002,9,0.98,0.31,20.47
2002,10,-0.15,0.242,16.53
2002,11,1.22,0.267,13.56
2002,12,1.25,0.357,10.03
2003,1,3.08,0.273,11.55
2003,2,0.04,0.248,10.76
2003,3,1.51,0.172,13.38
2003,4,-1.54,0.435,14.46
2003,5,0.55,0.35,13.98
2003,6,0.97,0.314,19.38
2003,7,2.04,0.347,21.83
2003,8,0.87,0.584,20.62
2003,9,1.52,0.283,21.01
2003,10,1.89,0.36,18.57
2003,11,-1.19,0.443,11.15
2003,12,0.88,0.379,9.66
2004,1,0.47,0.372,8.94
2004,2,-0.28,0.371,10.44
2004,3,4.06,0.357,15.93
2004,4,2.3,0.194,18.3
2004,5,1.06,0.185,14.49
2004,6,0.43,0.311,18.84
2004,7,0.52,0.318,20.31
2004,8,0.93,0.367,20.68
2004,9,1.25,0.258,20.74
2004,10,-0.89,0.259,15.79
2004,11,-0.83,0.307,11.51
2004,12,0.65,0.31,9.43
2005,1,0.05,0.292,8.52
2005,2,1.12,0.303,11.84
2005,3,1.8,0.122,13.67
2005,4,-0.08,0.348,15.92
2005,5,0.75,0.343,14.18
2005,6,-0.5,0.548,17.91
2005,7,1.94,0.3,21.73
2005,8,0.99,0.421,20.74
2005,9,-1.39,0.256,18.1
2005,10,-0.18,0.191,16.5
2005,11,1.32,0.362,13.66
2005,12,1.83,0.332,10.61
2006,1,1.52,0.456,9.99
2006,2,0.7,0.292,11.42
2006,3,-1.95,0.376,9.92
2006,4,-0.24,0.19,15.76
2006,5,1.42,0.234,14.85
2006,6,2.01,0.16,20.42
2006,7,2.96,0.509,22.75
2006,8,0.01,0.431,19.76
2006,9,-0.24,0.254,19.25
2006,10,-0.67,0.211,16.01
2006,11,0.15,0.328,12.49
2006,12,0.45,0.217,9.23
2007,1,-0.31,0.231,8.16
2007,2,-0.03,0.273,10.69
2007,3,2.19,0.255,14.06
2007,4,0.92,0.251,16.92
2007,5,0.98,0.175,14.41
2007,6,0.68,0.281,19.09
2007,7,0.77,0.369,20.56
2007,8,1.08,0.346,20.83
2007,9,-0.56,0.343,18.93
2007,10,-1.12,0.225,15.56
2007,11,0.93,0.356,13.27
2007,12,-0.61,0.275,8.17
2008,1,-0.41,0.387,8.06
2008,2,-0.33,0.183,10.39
2008,3,0.42,0.18,12.29
2008,4,0.17,0.217,16.17
2008,5,0.96,0.185,14.39
2008,6,1.42,0.26,19.83
2008,7,0.81,0.397,20.6
2008,8,1.36,0.385,21.11
2008,9,0.86,0.294,20.35
2008,10,0.94,0.206,17.62
2008,11,1.52,0.279,13.86
2008,12,-0.83,0.337,7.95
2009,1,1.66,0.413,10.13
2009,2,-0.39,0.221,10.33
2009,3,0.22,0.123,12.09
2009,4,0.45,0.291,16.45
2009,5,1.5,0.315,14.93
2009,6,0.25,0.257,18.66
2009,7,0.39,0.375,20.18
2009,8,1.06,0.23,20.81
2009,9,1.82,0.175,21.31
2009,10,-0.62,0.201,16.06
2009,11,0.07,0.204,12.41
2009,12,-0.52,0.41,8.26
2010,1,1.06,0.251,9.53
2010,2,0.67,0.338,11.39
2010,3,0.35,0.308,12.22
2010,4,-0.95,0.404,15.05
2010,5,-1.18,0.285,12.25
2010,6,0.61,0.259,19.02
2010,7,-0.37,0.329,19.42
2010,8,-0.72,0.401,19.03
2010,9,0.87,0.414,20.36
2010,10,0.16,0.307,16.84
2010,11,-0.19,0.353,12.15
2010,12,1.41,0.39,10.19
2011,1,0.7,0.274,9.17
2011,2,-0.99,0.316,9.73
2011,3,-0.08,0.314,11.79
2011,4,0.02,0.283,16.02
2011,5,-1.17,0.433,12.26
2011,6,-0.49,0.271,17.92
2011,7,0.21,0.321,20
2011,8,-0.04,0.419,19.71
2011,9,1.37,0.316,20.86
2011,10,0.74,0.213,17.42
2011,11,-0.93,0.239,11.41
2011,12,0.19,0.356,8.97
2012,1,1.43,0.345,9.9
2012,2,0.36,0.324,11.08
2012,3,-0.42,0.204,11.45
2012,4,0.81,0.134,16.81
2012,5,0.91,0.244,14.34
2012,6,0.51,0.278,18.92
2012,7,0.11,0.364,19.9
2012,8,0.72,0.564,20.47
2012,9,-0.57,0.557,18.92
2012,10,0.66,0.166,17.34
2012,11,1.12,0.138,13.46
2012,12,0.55,0.15,9.33
2013,1,-0.16,0.442,8.31
2013,2,-0.44,0.288,10.28
2013,3,1.5,0.229,13.37
2013,4,2.6,0.242,18.6
2013,5,1.71,0.231,15.14
2013,6,1.6,0.382,20.01
2013,7,0.87,0.345,20.66
2013,8,0.55,0.341,20.3
2013,9,0.35,0.294,19.84
2013,10,-0.49,0.221,16.19
2013,11,0.93,0.278,13.27
2013,12,-0.09,0.471,8.69
2014,1,3.36,0.368,11.83
2014,2,1.1,0.228,11.82
2014,3,2.59,0.246,14.46
2014,4,1.83,0.23,17.83
2014,5,2.43,0.219,15.86
2014,6,1.36,0.33,19.77
2014,7,1.9,0.326,21.69
2014,8,1.27,0.317,21.02
2014,9,1.19,0.296,20.68
2014,10,2.26,0.237,18.94
2014,11,1.66,0.257,14
2014,12,2.94,0.453,11.72
2015,1,2.45,0.382,10.92
2015,2,3.09,0.31,13.81
2015,3,3.8,0.2,15.67
2015,4,1.58,0.291,17.58
2015,5,-0.47,0.288,12.96
2015,6,1.96,0.261,20.37
2015,7,1.88,0.265,21.67
2015,8,2.16,0.289,21.91
2015,9,2.01,0.235,21.5
2015,10,2.74,0.185,19.42
2015,11,-0.69,0.272,11.65
2015,12,0.13,0.305,8.91
2016,1,1.83,0.318,10.3
2016,2,2.71,0.253,13.43
2016,3,1.8,0.15,13.67
2016,4,2.43,0.218,18.43
2016,5,1.34,0.212,14.77
2016,6,2.02,0.231,20.43
2016,7,0.87,0.294,20.66
2016,8,0.23,0.387,19.98
2016,9,0.47,0.208,19.96
2016,10,-0.02,0.333,16.66
2016,11,1.18,0.263,13.52
2016,12,0.09,0.235,8.87
2017,1,0.2,0.319,8.67
2017,2,0.66,0.157,11.38
2017,3,1.93,0.154,13.8
2017,4,1.16,0.227,17.16
2017,5,1.51,0.225,14.94
2017,6,1.86,0.187,20.27
2017,7,1.95,0.25,21.74
2017,8,1.79,0.287,21.54
2017,9,2.27,0.249,21.76
2017,10,1.07,0.291,17.75
2017,11,1.09,0.261,13.43
2017,12,1.4,0.393,10.18
2018,1,2.28,0.256,10.75
2018,2,0.83,0.278,11.55
2018,3,0.15,0.364,12.02
2018,4,0.92,0.261,16.92
2018,5,0.27,0.27,13.7
2018,6,1.27,0.16,19.68
2018,7,1.92,0.336,21.71
2018,8,0.61,0.297,20.36
2018,9,-0.17,0.379,19.32
2018,10,1.01,0.165,17.69
2018,11,1.54,0.332,13.88
2018,12,1.34,0.361,10.12
2019,1,2.36,0.22,10.83
2019,2,-1.86,0.356,8.86
2019,3,0.35,0.385,12.22
2019,4,2.39,0.249,18.39
2019,5,-0.43,0.246,13
2019,6,2.27,0.162,20.68
2019,7,1.15,0.179,20.94
2019,8,2.53,0.174,22.28
2019,9,1.29,0.285,20.78
2019,10,0.48,0.279,17.16
2019,11,0.95,0.329,13.29
2019,12,1.52,0.355,10.3
2020,1,1.3,0.148,9.77
2020,2,1.83,0.173,12.55
2020,3,0.15,0.297,12.02
2020,4,1.42,0.166,17.42
2020,5,2.52,0.258,15.95
2020,6,2.13,0.225,20.54
2020,7,1.03,0.198,20.82
2020,8,2.97,0.215,22.72
2020,9,2.5,0.181,21.99
2020,10,3.21,0.264,19.89
2020,11,0.2,0.247,12.54
2020,12,1.48,0.293,10.26